Product Name,Product Price
"PVC-Winkelprofil 15x15x2,5mm weiss ProfillÃ¤nge 1 Meter","3,64 â‚¬"
2 HP 57 ORIGINAL TINTEN PATRONEN C9503AE Farbe fÃ¼r Deskjet 5550 5650 9680 Blister,"â‚¬Â 24,98 *"
Norse Projects Thin Cord Sports Cap (Dark Navy),"65,00 â‚¬"
Uebler FahrradhecktrÃ¤ger x21 S fÃ¼r 2  FahrrÃ¤der,"517,80Â â‚¬"
Uebler FahrradhecktrÃ¤ger x21 S fÃ¼r 2  FahrrÃ¤der,"517,80Â â‚¬"
Exide EA770 Premium Carbon Boost 77Ah Autobatterie,"74,99Â â‚¬"
"Intact 12V 10Ah 12-12B-4, YT12B-BS Motorradbatterie 51015 Gel FA einsatzbereit","42,95Â â‚¬"
Sony VPL-HW65es/B,"2285,00 â‚¬"
Sanit Rohrgranate 1000 ml,"16,99 â‚¬"
Viva Winterzauber  Set,"9,95 â‚¬"
AEG LAVAMAT L61470BI Einbau Waschmaschine / Vollintegrierbar /  EEK: A++ / 914528119,"504,90Â â‚¬"
Absolut Wild Tea 1000ml 40% Vol.,"49,99Â â‚¬"
Air Optix Night & Day Aqua (6 linsen),"32,15â‚¬"
"Lock & Lock: SchÃ¼ttbox, rechteckig, 1,8 l (HPL813F)","5,10Â â‚¬"
"Lock & Lock: SchÃ¼ttbox, rechteckig, 1,8 l (HPL813F)","5,10Â â‚¬"
"Cone Race 3.7 MTB-Hardtail Herren 27,5"" hellblau/rot/cyan","679,00 â‚¬"
"Puky ST-12 StÃ¼tzrollensatz fÃ¼r 12"" Modelle","12,03 â‚¬"
Test Set versandkostenfrei,"EURÂ 12,90"
Test Set versandkostenfrei,"EURÂ 12,90"
Rohnudeln Shirataki Spaghetti - 6 kcal - 200g - Rohnudeln,"1,63Â â‚¬ *"
Wagner BÃ¼rostuhl AluMedic 10,"799,00 â‚¬"
Enders Campingtoilette Deluxe,"59,90Â â‚¬"
"Basic
Denver Oversize JerseymÃ¼tze                 in Grau","11,99Â â‚¬"
"Nord Universal Dimmer fÃ¼r LED, 12V, 230V weiss",32.06
Thermostatkopf E.C.A Typ 40 weiÃŸ 60212024402,"â‚¬
6.78"
Swatch Club Unisexuhr New Gent Follow The Dots SUOZ279,"69,00â‚¬"
Eglo LED Reflektorlampe 5W GU10 3000K 400lm 15.000h SMD-LED,"7,56Â â‚¬"
LG G7 ThinQ LTE 64GB 4GB RAM Schwarz,428Â â‚¬
Driade Pip-e Stuhl mit Armlehne,"185,00Â â‚¬ *"
NUKI Smart Lock 2.0,"229,00Â â‚¬"
BaboTech HeiÃŸluft Popcornmaschine fÃ¼r Zuhause ohne Ã–l - klein und im Retro Design - weniger Kalorien toller Geschmack,"19,99 â‚¬"
"Anadol Red Eagle Bravo 20 - Mobiler Kabelloser Bluetooth Lautsprecher mit Dual Wireless Speaker mit vollem Bass und eingebautem Mikrofon fÃ¼r iPhone, iPad, Samsung, Huawei, HTC und andere Android GerÃ¤te (Aluminium silber / schwarz)","53,65 â‚¬"
KeramikspÃ¼lstein Doppelbecken,622
"Spitzner Duschschaum Inspiration 150 ml 
Spitzner
Spitzner Duschschaum Inspiration 150 ml","4,20
â‚¬
*"
T+A Elektroakustik CRITERION TCD 310 S - Paarpreis (Aussteller) (Hochglanz schwarz),"5.500,- â‚¬"
Panasonic TX-32ESN608 (Glossy Black with Silver Line),"439,- â‚¬"
Fat Shark Dominator HDO Videobrille OLED,"579,00 â‚¬"
Fat Shark Dominator HDO Videobrille OLED,"579,00 â‚¬"
Eastside/ Fun Sport Vision Gutschein - 300,300.00
GoPro 3-Way Grip - Arm - Tripod,"62,99 â‚¬"
Voice Caddie SC200 Swing Caddie Golf Launch Monitor,"289,00 â‚¬"
The Grip Master Tour Classic Wrap Midsize Leder Griff,"32,50 â‚¬"
Retap Flasche,"11,90"
HÃ¤ngesessel Set Lazy anthrazit + Cayo Gigante paradiso MacaTex,"215,80 â‚¬"
Hanf Balsam Dose 20 g,5.95Â â‚¬[inkl. 19% MwSt zzgl. Versandkosten]Grundpreis:Â 29.75Â â‚¬ / 100Â g
Hansgrohe Raindance Select E 360,"815,42 â‚¬"
TOMMY HILFIGER MÃ¼tze Feinstrick Logo-Detail anthrazit,24 95 â‚¬
OLYMP No. Six super slim Hemd Stretch Langarm Uni weiÃŸ,49 95 â‚¬
Corkscrew holder Christmas Planet 6531 Father christmas,"24,29 EUR"
SCOTT Bike Voltage JR 16 (KH),"259,00Â â‚¬ *"
SCOTT Bike Voltage JR 16 (KH),"259,00Â â‚¬ *"
Lenz Space Dryer 1.0,"79,00Â â‚¬ *"
Odlo Natural Merino Warm Baselayer Shirt,"42,00Â â‚¬ *"
Faber theBUZZ Gaskamin,"1.329,00Â â‚¬ *"
KAPHINGST Nackenrolle,"30,90Â â‚¬"
COSIMED MassageÃ¶l neutral,"7,90Â â‚¬"
RS-150 Damen Sneaker (rosa),"99,90 â‚¬"
"Jason Markk

                                Quick Wipes / Box of 30 Schuhpflege","22,90 â‚¬"
Sofort lieferbar,5.89
"AEG BSK 774220 M SteamCrisp Einbaubackofen mit DampfunterstÃ¼tzung, EEK A+","857,84Â â‚¬"
Franke ACTIVE PLUS Einhebelmischer Zugauslauf Hochdruck Gun Metal 115.0524.929,"504,90Â â‚¬"
AEG Salzblock A2SLT mit hochwertiger Edelstahlplatte 902979822,"68,90Â â‚¬"
Moderne Glas Pendelleuchte und HÃ¤ngeleuchte Farbe Bernstein,"89,90Â â‚¬"
"Lenovo Ultra Dock, 40A100XXEU, fÃ¼r T440 T450 T460 T470","49,90Â â‚¬ *"
Tiroler-Sappel 1100g,"92,99â‚¬"
Holzbeize Altmahagoni Nr.109 wasserlÃ¶slich,"2,99â‚¬"
Pendelleuchte Nicky Ã˜ 44cm Baumwollschirm auster / innen gold,"241,99 â‚¬"
"Infrarotstrahler Slim EB, 1000W","135,72Â â‚¬ *"
Liebherr UWT 1682-20 Weintemperierschrank silber EEK: A,"1.997,95Â â‚¬"
"FeiyuTech G6 Plus â€“ spritzwassergeschÃ¼tztes Gimbal fÃ¼r alle Smartphones, Action- und DSLM-Kameras","249,00Â â‚¬"
Zhiyun Weebill Lab â€“ kompaktes Gimbal fÃ¼r Kameras bis 3000g,"649,00Â â‚¬"
Don Eduardo Gourmet Probierpaket (goldene & dunkle KaffeerÃ¶stung & Espresso) 3x500g,"39,95Â â‚¬ *"
"SHIITAK IMMUN Kapseln
100 St | Kapseln (PZN 02222851)","27,01 â‚¬"
Gestricktes Stirnband,"12,90"
Eternico USB-C 3.1 Gen1 AluCore 1m Schwarz,"7,39Â â‚¬"
Playstation 4 - 500 GB Slim,"213,96Â â‚¬"
Miss Selfridge tailored waistcoat & shorts co-ord,"Miss Selfridge tailored waistcoat in black

From
Â£40.00"
"AUTOMEGA Ã–lfilter 
Art. Nr: 180056210","5,51Â â‚¬                                                                
                                    inkl. 20% MwSt."
Windeleimer Odour Off weiÃŸ,"46,55 â‚¬"
Geschwisterwagen WaveOne plus One Travelsystem Leinen inkl. FuÃŸsack und universal Adapter Sand-Beige,"1.163,07 â‚¬"
Beamer LG Largo,"999,01 â‚¬"
Beamer Epson EH-TW7300 4K UHD & HDR Beamer,"1.399,00 â‚¬"
Hummvee II Shorts Men grey4.7,"â‚¬ 69,99"
EVOCTool Pouch M Olive,"â‚¬ 40,-"
Braun Satin Hair 1 HD 130 Style&Go - klappbar,"14,99 â‚¬"
Spaghettini bronzo  La Molisana Nr. 16B - 500 g Packung,"1,97 â‚¬"
Reactik+ Stirnlampe Schwarz5.0,"â‚¬ 89,99"
Tight Men Performance Black4.0,"â‚¬ 32,99"
25 g Steel Dartset (3 Stk.) Girl Play Angel,"32,90 â‚¬"
Infrarotkabine ZANIER Visio I Rotlicht,"2.499,00 â‚¬"
"Bild Steuer 2018 Download Win, Deutsch","11,29 â‚¬"
AA510C Akku 36Wh Original,74.00 EUR
USB 3.0 Port Replikator inkl. Netzteil (45W) Original fÃ¼r BlueChip Notebook A15W4,159.00 EUR
Schlafsofa Neo B: 190cm,"â‚¬ 149,-"
Artikelnr. 2814000801Schlafsofa Neo B: 190cmGrau/Orange | Webstoff | SitzhÃ¶he: ca. 40 cm | B/H/T: ca. 190/75/82cm,"â‚¬ 149,-"
Bett Finja,"â‚¬ 399,-"
SpÃ¼ltischarmatur Ultra in Chromfarben,"â‚¬ 54,90"
Bremssattel LAUBER 77.2636,"90,03 â‚¬"
Kupplungssatz SACHS ZMS Modul plus CSC 2290 601 005,"365,48 â‚¬"
Gypsy Rose GRE1K-FLB,"90,90 â‚¬"
SHIMANO ABDECKUNG M. BEFESTIGUNGSSCHRAUBE SL3S41-E,"6,95 â‚¬"
Dr Seidel Snacks fÃ¼r schÃ¶nes Fell,"1,69"
Canina Pharma Barfers Best Senior,"49,40

    â‚¬* 24,7 â‚¬* / Kg"
Classics Foundation Polo,"â‚¬ 27,96"
Dumbbell â€“ 5Â kg,"â‚¬ 39,95"
"Piezoschalter 18/16 mm, 1x Ein, LED-Ring 24V rt/gn","27,00Â â‚¬"
M 11.0 TP White p,"509,90Â â‚¬"
F-Stop Pack True Black,"250,00Â â‚¬"
adidas 3S Performance Teambag S Tasche,"29,90Â EURO"
Athena Shopper UPT04,"240,00 â‚¬"
Commuter Daypack City,"107,00 â‚¬"
TH Patch Convertible Weekender 4246,"169,00 â‚¬"
2 X 4 Zoll LCD Monitor TÃ¼rsprechanlage Klingel Video Gegensprechanlage,"145,00â‚¬"
Krankenunterlagen 6 lagig blau Karton,"16,90Â â‚¬ *"
"Sigg CYD Alu ShadeFarbe:Â shade, GrÃ¶ÃŸe:Â 1,0 Liter",14.95 â‚¬
"Brilando 
A54 0 54 black","44,90 â‚¬"
Gira 010500 Wippschalter-Einsatz Serien,"6,78 â‚¬"
Berker 3035 Wippschalter-Einsatz Serien,"6,62 â‚¬"
"Babolat
Pure Aero TurnierschlÃ¤ger (unbesaitet)","224,90 â‚¬"
"Adizero Ubersonic 2 Allcourtschuh Herren - Orange, WeiÃŸ","89,90 â‚¬"
"Weber Master-Touch GBS Special Edition, 57 cm, black","299,00Â â‚¬ *"
Hein Gericke Tuareg Damargu Stx Performance Jacke,"299,95 â‚¬"
Epson SureColor SC-T5100 - GroÃŸformatdrucker Farbig Tintenstrahldruck,"1.640,21Â â‚¬ *"
Yamaha P-515WH Stage Piano weiÃŸ,"1.595,00
â‚¬
*

1.595,00 â‚¬"
DANFIL DF2289 Verlobungsring mit Brillant,"1 099,00 â‚¬"
NukiCombo 2.0,"299,00Â â‚¬"
NukiCombo 2.0,"299,00Â â‚¬"
Biodroga MD Skin Booster Retinol Anti-Age Nachtcreme,"77,90Â â‚¬"
Barigo Tisch Wetterstation Messing vernickelt,"229,00Â â‚¬ *"
"Samsung Galaxy Watch, 46 mm, Silver","Preis: 329,00â‚¬"
"Samsung Galaxy Watch, 46 mm, Silver","Preis: 329,00â‚¬"
500 g Bio Chlorella Pulver,"35,90Â â‚¬ *"
GraviTrax Erweiterung Hammer,"â‚¬ 9,99"
Ravensburger Puzzle - Mit dem VW Bulli Ã¼ber den Brenner - 1000 Teile,"â‚¬ 13,49"
"KAISAI Split-Klimaanlage R32 Wandeinheit 2,6 kW - Modell ECO","369,00 â‚¬"
CUBE GUARD Schutzkorb MEDIUM,"517,06 â‚¬"
PELLIS MEDICA Schlupfsack Basic,"99,-Â â‚¬"
Astra-J (08.09-)/Astra-J/Sportstourer(12.2009-) / CHEVROLET Cruze (02.09-)/Cruze Kombi(05.2012-),"53,17 â‚¬ / St"
Grundfos Gartenpumpe Jetpumpe Hauswasseranlage MQ 3-45 B 96515415,"376,50Â â‚¬ *"
TEMPUR Matratze Original 21 GrÃ¶ÃŸe 90 x 200 cm,"â‚¬849,-"
Chivas Regal 18 Jahre,"46,90 â‚¬"
Decleor Aroma Cleanse Lotion de soin jeunesse 200 ml,"35,00 EUR17,50 EUR pro 100 ml"
Dermalogica Stress Positive Eye Lift 25ml,"64,00 EUR256,00 EUR pro 100 ml"
Behringer X18 Ipad Digitalmischpult,"355,00 EUR"
"Loxone 100002 ,Extension","448,81 EUR"
"ABB JRA/S4.230.1.1 ,Jal./Rollladenaktor, 4f","139,36 EUR"
Funk-AuÃŸenkamera ABUS TVAC16010 fÃ¼r VideoÃ¼berwachungsset TVAC16000,"170,42 EUR"
ABUS Secvest Alarmzentrale FUAA50000,"Nur  527,04 EUR"
Rauschgoldengel Geschenkset,"9,99Â â‚¬"
Glaseule weiÃŸ,"29,90Â â‚¬"
MARCO POLO ReisefÃ¼hrer Indien,"15,99Â â‚¬"
"hansgrohe Metris S 31060000 Waschtisch Einhebelmischer, chorm","191,65 â‚¬"
"ELWA Gartenpumpe Garden 1000 M A619487, mit Griff und Schalter","143,95 â‚¬"
"ESN Protein Pancakes, 1000g","22,90 â‚¬"
"ESN Designer Whey, 1000g Standbeutel Lebkuchen","22,90 â‚¬"
Acryl Ball Crusher,"â‚¬  45,90"
NEW ERA MÃœTZE NE SCRIPT PATCH 940 NEWERA PEA,"16.99 â‚¬ 	
				
	
 
Preise inkl. MwSt. und zzgl. Versandkosten"
ADIDAS GAZELLE W,"59.99 â‚¬ 	
				
	
 
Preise inkl. MwSt. und zzgl. Versandkosten"
Fitbit Charge 3 Blaugrau und Aluminium-RosÃ©gold,"149,95"
Samsung Galaxy Watch 42mm Schwarz LTE Telekom,"â‚¬379,00"
Samsung Galaxy Watch 42mm Schwarz LTE Telekom,"â‚¬379,00"
Billabong Butterfly Skyblue Wallet Geldbeutel,"6,50 â‚¬"
Smith Drift black - red sol X mirror 2018/19,"79,95Â â‚¬ *"
Smith Drift petrol - red sol X mirror 2018/19,"79,95Â â‚¬ *"
"Mammut Lawinenairbag Pro Removable 3.0 black, 35 L","582,36 â‚¬"
Leki Trolley Bag,"104,90 â‚¬"
Burg SFCTF2521K0040061 BadmÃ¶bel-Set,"737,63 â‚¬"
DORNBRACHT 1100059,"207,81 â‚¬"
Ajax | Zentrale - Hub Plus schwarz,"329,00Â â‚¬ *"
Ortlieb Back-Roller Classic rot-schwarz Trekking Star,"99,00Â â‚¬ *"
Bogner Fire + Ice Duke - Lightweight Daunenweste,"139,95Â â‚¬ *"
"Michelin 205 55 R16 91 H
ALPIN 6
Winterreifen","Preis (aus USt.) 
								92.69â‚¬
77.24â‚¬ (+20% MwSt.)"
MIRRORSCULPTURES 9Wand- und Deckendekoration,"â‚¬Â 295,00"
BEST 07L08601 Zeta IS HF Inselhaube  - Edelstahl + Glas/WeiÃŸ - 90 cm,"499,00 EUR"
Maxxis WP-05 Arctictrekker 205/55 R16 91H,"50,40"
"Little Dutch
Adventure Activity SpielwÃ¼rfel Pink","34,95"
"TrÃ¤umeland
Schlafsack LIEBMICH Herz Rosa GrÃ¶ÃŸe 50/56","27,90
â‚¬

inkl. MwSt.


27.9
EUR"
RÃ–MERTOPF BrÃ¤ter SWING 5 kg fÃ¼r 6 Personen + Kochbuch mit 100 RÃ¶mertopf Rezepten,"39,95Â â‚¬"
RÃ–MERTOPF BrÃ¤ter SWING 5 kg fÃ¼r 6 Personen + Kochbuch mit 100 RÃ¶mertopf Rezepten,"39,95Â â‚¬"
SauconyGuide Iso 2 - Laufschuhe fÃ¼r Herren - Blau,"139,95Â â‚¬"
NikeElastic Hairbands (3 Pack) - LaufzubehÃ¶r - Schwarz,"11,79Â â‚¬"
Formlabs Form 2 Resin Tank LT,"101,00Â â‚¬"
3DJAKE niceABS Dunkelblau,"â‚¬Â 25,49"
Kettler Skylon 2,"699,00Â â‚¬"
Kettler Beinpresse,"299,00Â â‚¬"
"Merida One-Forty 800 Fully Mountainbike 27,5 Zoll","2.699,10Â â‚¬ *"
Ãœberspannungsschutz DLBS 3001,"5,99 â‚¬"
Free-XTV - IPTV Hardcore Erotik Angebot - 12 Monate Laufzeit inkl. IPTV Box wechip V8 S905W,"109,00 â‚¬"
BGS Auspuff-TrennmeiÃŸel fÃ¼r Aussenrohre 9180,"15,10Â â‚¬ *"
BGS Heissluft GeblÃ¤se 2000 Watt 8495,"23,14Â â‚¬ *"
Akku Geradschleifer AGSZ 18-90 LBL Select ohne Akku und ohne LadegerÃ¤t,"228,00 EUR"
"Fein 2-Gang Akku-Bohrschrauber ABSU 12 C 12Volt 2,5Ah","144,85 EUR"
"Fein 2-Gang Akku-Bohrschrauber ABSU 12 C 12Volt 2,5Ah","144,85 EUR"
LELO Tiani 3,"â‚¬ 139,95"
Falcon Schuh,"â‚¬ 99,95"
Body-Solid Lat-Zug PL,"290,03Â â‚¬"
"Bowflex Selecttech 552i Hantelset , 2,3 - 23,8kg verstellbar","inkl. 19% MwSt. nur 516,00Â â‚¬"
Secvest Mobilfunkmodul fÃ¼r SIM Karten - ESMO50000,"299,90 â‚¬"
EL iConnect 2-Way Funkalarmsystem | Set > PSTN/IP,"EUR 529,90"
Twin LNB He@d 0.1db,"Nur  7,00 EUR"
"GroÃŸe Bondage-Box        


                                                                                                                                               Amorelie Sets                                          
            von            AMORELIE","â‚¬Â 79,00"
WAGNER BÃ¼rostuhl AluMedic 10 - Schwarz,"â‚¬799,- * GÃ¼nstiger gesehen?"
NasenDuo Nasenspray,"3,35 â‚¬"
NasenDuo Nasenspray,"3,35 â‚¬"
Orthomol Natal 30 Beutel granulat/kaps. Kombipackung (1Â stk),"â‚¬ 44,39*"
Regaine MÃ¤nner (3X60Â ml),"â‚¬ 56,99*"
PHYTOCYANE Duo Anti-Haarausfall Ampullenkur (Doppelpack),"43,48Â â‚¬"
Dein neues iPhoneÂ XðŸ…‚,"1.419,00 â‚¬"
Serafini Betonbriefkasten Concret CQ steingrau/weiÃŸ,"437,61 â‚¬"
KÃ¼chenarmatur Grohe Red Duo II chrom mit 4 lt. Boiler - 30083001,"837,00Â â‚¬ *"
BÃ¼rstenkopf 40870000 fÃ¼r BÃ¼rstengarnitur Grohe Selection Cube,"11,90Â â‚¬ *"
Miscela Oro Weihnachtsedition,"14,90Â â‚¬"
WAHRHEIT ODER PFLICHT Spiel,"24,90Â â‚¬ *"
Alternativ-Tinte fuer Canon BJC-2 / 0955A002 tri-color,"3,51Â â‚¬"
"Mocambo Brasilia - Kaffee Espresso, 250g ganze Bohnen","â‚¬ 3,60"
"Mocambo Brasilia - Kaffee Espresso, 250g ganze Bohnen","â‚¬ 3,60"
M+S Winterreifen,3799.
"K2 BremsflÃ¼ssigkeit DOT 4, 1 Liter",1100.
Mission LX-1 black,"129,00Â â‚¬ *"
Gardine 270x245 cm grau - Ã–sen,"â‚¬Â 26,39 *"
Dachbox MODULA Ciao 340 silber metallic,"159,94Â â‚¬"
Schneeketten 165/65-14 Car1-Rud 4015,"55,00Â â‚¬ *"
Video TÃ¼rsprechanlage 4-Draht mit Codeschlossfunktion,"439,00â€‰â‚¬"
VIDEO TÃœRSPRECHANLAGE 2-DRAHT RESTPOSTEN ZUM SONDERPREIS,"239,00â€‰â‚¬"
"Papierstern ""White New Harisha Silver Glitter"", 60 cm (1 St.)","7,99 EUR"
Dufthalbkugeln Weihnachtstraum (6 St.),"6,99 EUR"
azurano ProLine PHILIPS Ersatzlampe fÃ¼r PANASONIC ET-LAL320,"48,90 â‚¬ *"
azurano ProLine PHILIPS Ersatzlampe fÃ¼r PANASONIC ET-LAL320,"48,90 â‚¬ *"
3-tlg. Babyzimmer Emilia extrabreit,"1.575,79 â‚¬"
Luvel Poster 3er Set - Tiere - A4 - Schwarz / WeiÃŸ,"11,49 â‚¬"
Hartan Sky XL Inkl. Falttasche (228),"528,36Â â‚¬ *"
Maxi-Cosi Kinderautositz Pearl Robin Red,"172,55Â â‚¬ *"
Back to Wyoming,85.00Â â‚¬
Back to Wyoming,85.00Â â‚¬
Stance Marvel Amazing Spiderman Unisex,"15,00Â â‚¬"
Stance Marvel Amazing Spiderman Unisex,"15,00Â â‚¬"
"BALSAN Hand and foot care lotion 150 ml ""New""","15,00 â‚¬"
BALSAN Jumbo-kit,"54,90 â‚¬"
HOSENROHR ABGASROHR FLEXROHR OPEL ASTRA ...,"31,90 â‚¬"
Barhocker Damaso Stoff mit 4-FuÃŸ Gestell,"159,90Â â‚¬"
BÃ¼rostuhl Ignite Kunstleder,"144,90Â â‚¬"
alessandro Adventskalender 2018,"54,99 â‚¬"
Kawai CS-11 W Digitalpiano WeiÃŸ Hochglanz,"3.999,00 â‚¬ *"
Teufel Aureol Real KopfhÃ¶rer - WeiÃŸ,"99,90 â‚¬ *"
"MAKITA Akku-Schrauber Li-ion 18V, solo DDF083Z","134,00 â‚¬"
"AL-KO Generator 2500-C 2,2 kW","348,50 â‚¬"
FÃ¼llschaum B1 Baumit/ Dose 750ml,"14,40 â‚¬"
"AKTION! XPS G30 SF (Stufenfalz) / Pack. 50mm 6,00m2 / Pack.","30,42 â‚¬"
Hochwertiger Bierkrug mit Wunschgravur - Zinndeckel - 0.5l,â‚¬Â 56.95 *
Innox IGS 03 einklappbarer StÃ¤nder fÃ¼r Gitarre,"8,50Â â‚¬        *"
"Vinyl- Thermo Winterhandschuhe HUSKY, EN 511, orange","3,51Â â‚¬ *

(Netto: 2,95Â â‚¬)"
AS10737 ASTAR CAN. MF211 CARTR BLK,"48,00 EUR"
Gunsan Moderna Steckdose Unterputz Weiss,"1,41 EUR"
Hochflor Teppich Whisper Beige,"74,95Â â‚¬"
"TSL - 
305 Start Grip - Schneeschuhe","â‚¬ 129,95"
Gotland Jacket With Hood - Kunstfaserjacke,"â‚¬ 75,98"
Elliot Liquid FlÃ¼ssig Chalk 200ml,"5,95Â â‚¬ *"
Leather Wax 85ml Dose,"9,95

inkl. MwSt zzgl. Versand

9,95 â‚¬"
Boundary Pro 107 | Freerideski,"503,16"
Bergzeit Bergzeit Evolution Skischuhtasche,"17,96 â‚¬"
Isabelle Lancray - Egostyle - Vorteilsset (Anti-Stress 50ml + Tonic/Cleanser je 100ml),"47,45 â‚¬"
Christofle Vertigo Etagere  groÃŸ,"820,00 EUR"
Toppik Spray-Applicator,"19,90 â‚¬"
"Sun Garden Sitzkissen Joris Serie Loft, 40 x 40 x 6 cm","7,98Â   *"
TEMPUR Matratze Cloud Deluxe 17,"499,00Â   *"
"Sun Garden Sitzkissen Joris Serie Loft, 40 x 40 x 6 cm","7,98Â   *"
Tempur Transitkissen,"59,38Â â‚¬"
Dormiluna Greenfirst Mikrofaser-Kopfkissen,"15,99Â â‚¬"
Fizik Terra X5,119.95 â‚¬
"Urban Master 2 GTX Motorradstiefel, Daytona, schwarz, 49","299,00 EUR"
"Pool Queue Ahorn 1tlg, Klebleder 13 mm, L:145 cm","24,90 EUR"
biolÃ¹ FlÃ¼ssigwaschmittel OrangenblÃ¼te GroÃŸpackung mit Auslaufhahn,"â‚¬Â 84,99"
biolÃ¹ Fleckenentferner-Pulver GroÃŸpackungBeseitigt hartnÃ¤ckige Flecken & wirkt desinfizierend,"â‚¬Â 89,99"
Compactor 115-135cm 2018 TeleskopstÃ¶cke,"â‚¬Â 109,95"
"Classic Crew (9.5-13, 3Pk) Socken","â‚¬Â 15,95"
"Ghost Kato FS 2.7
      27,5 Zoll, Alu, Shimano Deore, 20-G
        (Art-Nr:197487-8)","1.299,00 â‚¬"
"RÃ¶mer JockeyÂ² Comfort Kindersitz Modell 2018
      verstellbar fÃ¼r 26-29 Zoll, inkl. Befestigung
        (Art-Nr:198547-3)","84,95 â‚¬"
Wiper Blitz 1.0 - ohne Begrenzungskabel,"899,00
â‚¬
*

899,00 â‚¬"
Wood Wraps - Buche,"9,89Â â‚¬ 1"
"SOY PROTEX StÃ¼cke, 200 g","3,15Â â‚¬ 1"
"Hugo Boss Boss No.6 Bottled 100Â ml

						Eau de Toilette fÃ¼r Herren","41,20Â â‚¬ *"
4 Kanal Edelstahl Funksender 433 Mhz,"24,50Â â‚¬ *"
4 Kanal Edelstahl Funksender 433 Mhz,"24,50Â â‚¬ *"
"TRW - Bremsbelagsatz, Scheibenbremse GDB1679","23,08 â‚¬"
LEGOÂ® Friends 41383 Olivias Hamster-Spielplatz,"â‚¬Â 8,99 *"
Locher 10 Blatt rot,"5,94 â‚¬"
Diese kompatible Tintenpatrone ersetzt die Originalpatrone - HP CB323EE HP Nr. 364XL cyan mit Chip,"1,56 â‚¬"
"""Goebel"" Engel mit Reh","79,00 â‚¬"
Bundeswehr Unterhemd kurzarm oliv,"8,90Â â‚¬ *"
Armeedecke anthrazit 200x150cm,"7,50Â â‚¬ *"
Stehleuchte Fisher,377Â â‚¬
Sessel Grand Repos und Ottoman,3.493Â â‚¬
"Mamiya Leaf Credo 80 System mit Phase One XF Camera, Prismensucher, 80mm-Objektiv","30.934,05 â‚¬"
Nikon D7500 GehÃ¤use,"1.099,00 â‚¬"
THULE RideAlong Mini Fahrrad-Kindersitz hellgrau,"94,51Â â‚¬"
Digital Single LNB,"9,49Â â‚¬"
Vango Sirocco 200 Zelt - 2017,"183,80 â‚¬"
Nordisk Titannium Erdnagel - 8g,"10,80 â‚¬"
CARDIOFITNESS Crosstrainer EC100,"599,00Â â‚¬"
CARDIOFITNESS Crosstrainer EC100,"599,00Â â‚¬"
Carrom Pflegeset,"22,80 EUR"
Leichter Uni Loop,"15,99 â‚¬"
Loop mit Blumenprint,"19,99 â‚¬"
"LÃ¶ffler Ergo (2-5 M) Hocker, ERGO-TOP, Sonderstoff (SALE-Modell, solange Vorrat reicht)","199,00Â â‚¬ *"
*Gebraucht* OMRON RS6 Handgelenk BlutdruckmessgerÃ¤t Ohne Anleitung u. leichte Gebrauchspuren,"33,07 â‚¬"
Esprit 4428285 Damen Ring Silber ana +Zirkonia weiÃŸ GrÃ¶ÃŸe 56 (18.0 ),"47,92Â EUR"
"EliteDisplay E223 LED display 54,6 cm (21.5 Zoll) Full HD Schwarz, Silber (1FH45AA)","162,90Â â‚¬"
"EliteDisplay E223 LED display 54,6 cm (21.5 Zoll) Full HD Schwarz, Silber (1FH45AA)","163,90Â â‚¬"
"Bar-und Tresenhocker MY COSY LINE Gestell Eiche Massivholz natur lakiert, Sitz und RÃ¼cken gepolstert","296,31Â EUR"
BlueParrott B450-XT,"â‚¬ 99,00"
BlueParrott B450-XT,"â‚¬ 99,00"
Deo Pure Anti-Transpirant Deodorant Roll-On 75ml,"12,49 â‚¬"
"Tangle Teezer
Wet Detangler, Millennial Pink","10,76 â‚¬"
Gemusterte WollmÃ¼tze mit Kaschmiranteil light grey,"Preis: 49,95Â â‚¬
										inkl. 19% MwST.  zzgl. Versand"
"HauchzarterÂ Kaschmir-SchalÂ ""Ring-Pashmina"" Schwarz","Preis: 99,95Â â‚¬
										inkl. 19% MwST.  zzgl. Versand"
BanknotenzÃ¤hltechnik,"1.190,00 EUR"
Luftentfeuchter Demecto 10,"149,00 EUR"
Seitenkanalverdichter SKV 40,"649,00 EUR"
Toshiba KlimagerÃ¤te - SET Suzumi Plus R32 Inverter-WandgerÃ¤ RAS-B16PKVSG / PAVSG-E,"1 166,00 â‚¬"
"Toshiba Estia hi Power KIT - HWS-P110HR-E1 + HWSPP1104XWHM3-E1 11,2 kw 230V","6 790,00 â‚¬"
Vitra - Rotary Tray,"â‚¬Â 49,00"
Vitra - Rotary Tray,"â‚¬Â 49,00"
Daewoo Wand-Waschmaschine Waschmaschine EEK: A++ (A+++ - D) Frontlader 3 kg 700 U/min,"â‚¬ 599,00"
Nike Ballsack Club Team Swoosh Ball Bag BA5200-010 Black/Black/(White) | One size,"20,49   â‚¬  *"
Nike Herren Trainingsanzug Academy 18 Track Suit W 893709,"42,39"
Davidoff HorizonEau de Toilette,"37,05Â â‚¬"
Tom Ford Fucking Fabulos,"54,01Â â‚¬"
"Ale-Mania Bonner WieÃŸ 0,33l","3,29 â‚¬"
"Riegele Braukunst Selektion 8x0,33l","19,99 â‚¬"
CasaFan Windmaschine / Wandventilator WM3 Wall Eco in Schwarz,"333,00"
Edision OS nino+ DVB-S2/C/T2 Full-HD Combo-Receiver H.265,"99,00 â‚¬"
Fresh 'n Rebel Rockbox Brick Bluetooth Lautsprecher indigo,"29,99Â â‚¬"
"Apple MacBook Air 13,3"" 1,8 GHz Intel Core i5 8 GB 128 GB SSD MQD32D/A","â‚¬ 879,00"
Seagate Backup Plus Portable USB3.0 - 5TB 2.5Zoll schwarz,"â‚¬ 124,90"
Hewlett Packard HP 1950-48G-2SFP+-2XGT SWITCH,"1.107,26Â â‚¬*"
Hewlett Packard HP 1950-48G-2SFP+-2XGT SWITCH,"1.107,26Â â‚¬*"
"APS Sauciere 0,45 Liter 18/8 Edelstahl poliert 22 x 10,5 x 13,5 mit FuÃŸ,extra schwere QualitÃ¤t","11,81
â‚¬"
2er Set culinario Universal-Glasdeckel mit Auslassventil und Silikonrand fÃ¼r Ã˜ 16/18/20 cm und Ã˜ 24/26/28 cm,"18,95
â‚¬"
adidas originals   Tasche Festival Trefoil in blau,â‚¬  17.99
Mister Tee   Trucker Cap Fuck This in schwarz,â‚¬  24.99
KissenhÃ¼lle Kinga,"14,90 â‚¬"
Lowboard Dover 200 cm Sheesham Natur 2 SchÃ¼be 1 Fach,"459,00Â â‚¬"
WMF Servierpfanne Profi Resist 28cm,"99,99Â â‚¬ *"
Weber Genesis 2 E-410 GBS smoke grey,"998,00Â â‚¬ *"
Mammut Aenergy Headband sunrise,"24,90 â‚¬"
Uhrenbox Mit Sichtfenster Camel 10 - Hellbraun,"99,90Â â‚¬ *"
Uhrenbeweger Piccolo - Schwarz,"119,90Â â‚¬ *"
Einwurftresor | GASTRO | Deposittresor | Tresor mit Einwurfschlitz,"169,90Â â‚¬ *"
Einwurftresor | Einwurfschlitz Oberseite | Spendentresor | Tresor fÃ¼r Spenden| doppelte RÃ¼ckholsiche,"209,90Â â‚¬ *"
BEZZERA BZ10 S PM (09/2018) + Gratis -1er SiebtrÃ¤ger,"1.037,00Â â‚¬"
Kabel und Adapter,"2,95Â â‚¬"
Centa-Star,"59,95Â â‚¬"
StorebrorÂ® Boxspringbett,"999,99Â â‚¬"
Calvin Klein Fixed Triangle Rp,28.95 â‚¬
KMP Farbband fÃ¼r OKI 43821103,"4,99Â â‚¬ *"
Deckenaufbaustrahler Basic Round Schwarz,"â‚¬29,90"
100 Kopfpolster Einwegauflagen weiÃŸ,"19,99 â‚¬"
Qsan XCubeDAS XD5312S-EU 12-Bays,"2.645,88Â â‚¬ *"
"Acer TravelMate X349-G2-M-57EV - 14"" FHD, Core i5-7200U, 8GB, 512GB SSD, Win10","699,00Â â‚¬"
"Acer TravelMate X349-G2-M-57EV - 14"" FHD, Core i5-7200U, 8GB, 512GB SSD, Win10","699,00Â â‚¬"
FIFA 19 (PS4) Spiel NEU Deutsche Version Playstation 4 EA Games,"EUR 39,90"
"Bosch TischkreissÃ¤ge GTS 10 XC, mit Arbeitstisch GTA 6000","EUR 832,48"
Apple iPhone XR 256 GB verschiedene Farben - ohne Simlock NEU,"EUR 879,90"
Hund & Herrchen Hundeshampoo GoldspatzSauberes Fell mit natÃ¼rlicher Pflege,"â‚¬Â 9,99"
Avril Organic Cotton Make-up Pouch,"â‚¬Â 3,99"
,"â‚¬Â 120,70"
Asics Asics GEL-DOMAIN 4,"77,22Â â‚¬ 


UVP:Â 104,38Â â‚¬"
Suita Club Armchair,"2.350,00Â â‚¬"
Suita Club Armchair,"2.350,00Â â‚¬"
Sunflower Clock,"930,00Â â‚¬"
StarTech USBUBLTADPB Lightning auf micro-USB Adapter,"4,89Â â‚¬"
SAMSUNG RS-7768FHCBC 179 cm Side-by-Side KÃ¼hlgefrierkombi EEK A++,"949,00 â‚¬"
Sharp LC-60UI7652E UHD 4K LED Smart TV DVB-T2/C/S2,"â‚¬â€‰555,â€“"
"SanDisk Extreme microSDXC 64GB A2 V30 SDSQXA2-064G-GN6MA inkl. SD-Adapter







Â Zoom













 
 




Art.Nr.: 
178251

KapazitÃ¤t:Â 64 GBLesen:Â bis 160MB/sSchreiben:Â bis 60MB/sClass:Â 10





â‚¬â€‰23,90 

inkl. 20% MwSt.  | + Versand â‚¬ 6,99Â 




   



Menge:


Â In den Warenkorb






Preisbenachrichtigung aktivieren







Auf den Wunschzettel





Auf die Vergleichsliste



 
 


 


Sofort lieferbar
Lieferfrist: 1-3 Werktage



Versandlager:


20 



Graz (SCW):


13 



Innsbruck (CYTA):


7 



Klagenfurt:


20 



Krems (Mariandl):


20 



Linz (PlusCity):


19 



Lienz (FMZ):


16 



Villach:


5 



Wien 21:


20 



Wien SCS:


18 



Wien Stadion Center:


16 



Wolfsberg:


20 


 



Bestellen Sie diesen Artikel innerhalb der nÃ¤chsten 



00

Tage




03

Stunden


:





26

Minuten


:







sekunden


 per Versand und Ihre Bestellung wird bei sofortiger Zahlung noch heute fÃ¼r den Versand vorbereitet.1)

 




     Telefonische Bestellannahme:

Â 0463/372 11 47


Â 0463/372 11 47

Montag bis Freitag von9:00 bis 17:00 Uhr

    Es kÃ¶nnen ausschlieÃŸlich Bestellungen per Vorauskasse oder Zahlung bei Abholung telefonisch entgegen genommen werden.","â‚¬â€‰23,90"
ROBOMOW Rasenroboter RX20U,"499,00Â â‚¬"
KÃ¤rcher Fensterreiniger WV Classic,"53,18Â â‚¬"
Grizzly Mini Wildkamera,"164,99  â‚¬"
"Siemens SN658X06TE A+++ Vollintegrierbarer Einbau-GeschirrspÃ¼ler, 60 cm breit, varioSpeed","603,34"
"Schuko Steckdose ReinweiÃŸ glÃ¤nzend, System 55, Gira 018803","2,59"
ESYLUX Fotoelektr. Rauchmelder 9V PROTECTOR K weiÃŸ,"15,92 EUR"
Hekatron Vertriebs Thermoschalter TDS 247,"107,06 EUR"
Nobile Sprengring 50mm  1551100000,"0,48 EUR 0,48 EUR pro StÃ¼ck"
Pioneer DDJ-SX3,"1.099,00Â â‚¬"
Geschirr-Serie Lime Rio: MÃ¼slischale,8.99 â‚¬
Teebecher HeiÃŸe GrÃ¼ÃŸe: Teebecher Tea lover,6.29 â‚¬
Mobiler Vollgummi-Verteiler SPITZ CEE-Stecker 400V/63A H07RN-F 5x16 mmÂ² mit 1x CEE 400V/63A + 1x CEE 400V/32A + 1x CEE 400V/16A + 3x SK 230V/16A IP54 mit FI/LS,"753,79 â‚¬"
"3 Legged Thing QR11-LC Schnellwechselwinkel 120 x 85 x 38 mm, mit Gurtschlaufen & 1/4 Zoll Innengewinde, kompatibel mit Arca","49,99Â â‚¬"
"ESKADRON Schabracke ""Young Star Micro Fade""","â‚¬Â 69,95"
Herrnhuter Sterne Beleuchtungsset fÃ¼r Kunststoffsterne A4 und A7 Gelb (5m),"15,50 â‚¬"
"HP EliteDesk 800 G1 SFF DualCore G3220 3,0 GHz B-Ware","98,10Â â‚¬"
"Lenovo ThinkPad L540 Core i5 4300M 2,6 GHz Webcam","260,10Â â‚¬"
AEG SKB58821AS EinbaukÃ¼hlschrank,"236,95Â â‚¬ *"
Bertram Beinbeutelhalterung Oberschenk. - groÃŸ - PZN 03688416,"26,23Â â‚¬"
USB Dual LadegerÃ¤t passend fÃ¼r SJCAM SJ4000 SubTig3 inkl. Micro-USB Kabel,"11,99 â‚¬"
1 Motorschutzfilter Mikrofilter passend fÃ¼r Bosch | Ã¤hnlich Original Microsan VZ01MSF 00618907 | Premium QualitÃ¤t,"4,99 â‚¬"
Excalibur Large mit 9 EinschÃ¼ben - auch edelstahl mÃ¶glich,"399,00 â‚¬"
EXCALIBUR EXC10EL DÃ–RRGERÃ„T,"944,99 â‚¬"
Solo - A Star Wars Story (BLU-RAY)   mehr Infos,
L8FL850EX Waschmaschine 8kg 1400 U/min A+++ Frontlader Aqua Control System  (WeiÃŸ) mehr Infos,
Solo - A Star Wars Story (BLU-RAY)   mehr Infos,
"LG 43UK6470PLC

                            Ultra HD HDR LED-TV 43"" (108 cm)",444.00â‚¬
Servierwagen - 3 Borde - bis 480 kg,"89,00Â â‚¬"
"Peak Performance M BEC SKIJACKE, Salute Blue","330,00â‚¬"
Cube Aim 2019,"399,00Â â‚¬ *"
CONWAY ETS 500,"â‚¬Â 2.999,95"
Joie Brisk LX Buggy,"129,95Â â‚¬"
Bugaboo Fox Kombikinderwagen - Complete - Fresh White,"1.149,00Â â‚¬"
Saint LaurentAsymmetrischer Minirock,1.990 â‚¬
"ESN Zinc, 120 Kaps.","9,90 â‚¬"
"ESN Designer Whey, 1000g Standbeutel","22,90 â‚¬"
FP24 Health Vitamin K2 - 200Î¼g + Vitamin D3 10.000 IE je 365 Tabletten - Spar Angebot,"29,90Â â‚¬"
Zustellung 3-5 Werktagen,"â‚¬ 569,00"
Suunto 9 Schwarz,"499,00 â‚¬"
Frey Nutrition Malto 95 - 1000g Zip-Beutel,"9,41 â‚¬"
Frey Nutrition ISO Whey 750g Schoko,"30,30 â‚¬"
"Jean Paul Gaultier
                            
Le MaleX-Mas Collector

Eau de Toilette fÃ¼r Herren","72,95 â‚¬"
"Kevin.Murphy
                            
Anti.Gravity.Spray","25,50 â‚¬"
Winkelprofil - Edelstahl (V2A) poliert - 12.5mm - 250cm,"17,60Â â‚¬"
UrÂ­laubs- und FehlÂ­taÂ­geÂ­karÂ­te 2019,"6, 90 EUR"
Nikon Z6 + 24-70 mm 1:4 S,"2.899,00Â â‚¬ *"
"Hama Kameratasche Protour, 160, Schwarz","99,00Â â‚¬ *"
"Sony SEL 18-105mm 4.0 G OSS PZ


Artikel-Nr.:



20283","469,00Â â‚¬ *"
Fujifilm Fujinon XF18-55mm 2.8-4.0 R LM OIS EinzelstÃ¼ck,"389,99Â â‚¬ *"
Canon EOS M5 Body,"â‚¬ 679,00"
"Bloomingville
Diamond DekoanhÃ¤nger schrÃ¤g","9,50Â â‚¬"
Safari Kissen LÃ¶we,"55,00Â â‚¬"
VANTRA LT RA18 8PR,"55,20Â â‚¬ *"
VANCONTACT 4SEASON 8PR,"108,65Â â‚¬ *"
Burton Amplifier + Cartel EST Snowboard Set,"605,34Â â‚¬"
Naish Hover 120 Foil SUP 2018,"1.371,17Â â‚¬"
Samsung Book Cover Keyboard EJ-FT830 Tastatur und FoliohÃ¼lle POGO pin Schwarz fÃ¼r Galaxy Tab S4 (EJ-FT830BBEGDE),"98,49 â‚¬"
FUXTEC Picknickdecke PK-PD1000,"13,90Â â‚¬ *"
PS4 Spiel - FIFA 19 - Standard Edition,"EUR  54,99"
"Fussballtisch Pausenkicker Premium White, Safety","699,00 EUR"
ThermaCELL Backpacker,"39,70 EUR"
Aluminium WÃ¤schespinne - 50m - 190x190cm,"57,95 EUR"
"Scheppach HC54DC Doppelzylinder-Kompressor, Ã¶lfrei","â‚¬ 249,95"
Cinquantaquattro High Warm Brown Winterstiefel mit Warmfutter,"219,95Â â‚¬ *"
Said 6S Lace Up Burnish DK Brown MBT Herren-SchnÃ¼rer mit Abrollsohle,"229,90Â â‚¬ *"
Jeton A16 26 x 2mm 100 StÃ¼ck,"24,00 EUR"
Forsberg								FORSBERG elastischer GÃ¼rtel mit Metallschnalle,"10,88Â â‚¬ netto"
Geschenkebox - vegane Weltreise,"29,90Â â‚¬ *"
GemÃ¼tliches Einhorn Wendekissen,"39,90 â‚¬"
"ZirbenErlebnis | Bio Zirbenkissen (17x29cm) + ZirbenWÃ¼rfel-Set mit Bio ZirbenÃ¶l (10ml) + ZirbenKugel-Set ""Misura"" mit 7cm Zirbenkugel","39,90â‚¬"
"ZirbenErlebnis | Bio Zirbenkissen (17x29cm) + ZirbenWÃ¼rfel-Set mit Bio ZirbenÃ¶l (10ml) + ZirbenKugel-Set ""Misura"" mit 7cm Zirbenkugel","39,90â‚¬"
"ZirbenErlebnis | Bio Zirbenkissen (17x29cm) + ZirbenWÃ¼rfel-Set mit Bio ZirbenÃ¶l (10ml) + ZirbenKugel-Set ""Misura"" mit 7cm Zirbenkugel","39,90â‚¬"
MHD - BiosÃ¼ÃŸe Bio-Schokolade Dunkle Drops - 100 g TÃ¼te,"2,75Â â‚¬ *"
"Handy Cure s' - Softlaser, Infrarot, Rotlicht, Magnetfeld","349,00Â â‚¬ *"
WP-05 Arctictrekker,"â‚¬ 38,70"
MoroccanOil Color Complete Protect Prevent Spray,"31,01Â â‚¬"
Umbro Girona FC Home 18/19,60 â‚¬
Mizuno Morelia II MD,107.95 â‚¬
SuperSpeed Golf Trainingsset Herren,269.00Â â‚¬
Winter 210 Sottozero 2 225/65R17 102H AO,"132,02Â â‚¬"
Regenschirm Bugzz Frog Green,"14,95Â â‚¬"
12x Spaghetti Nr. 5 glutenfrei - Barilla,"23,88 â‚¬"
12x Spaghetti Nr. 5 glutenfrei - Barilla,"23,88 â‚¬"
"Wagenheber Bahco BH1A2500 Alu (2,5 t),Â HubgewichtÂ 2,5 t,Â HubhÃ¶he min.Â 95 mm,Â HubhÃ¶he max.Â 485 mm,Â LÃ¤ngeÂ 740 mm","345,00Â â‚¬"
Zanussi ZHC92462XA - Dunstabzugshaube,"198,00 EUR"
Zanussi ZHB90460XA - Dunstabzugshaube,"198,00 EUR"
ghd Gold Styler 2018 GlÃ¤tteisen HaarglÃ¤tter GlÃ¤tter Neu,"132,90 â‚¬"
ghd glacial blue gold Styler 2018 mit Etui GlÃ¤tteisen HaarglÃ¤tter + ghd Spray,"164,90 â‚¬"
Schwarzkopf Bold Color Wash Purple 300 ml,"9,25 â‚¬
    
      / Flasche(n)
    
    
      
        *"
FACIAL MOISTURISER LIFT 100ML,"â‚¬Â 13,69 *"
Kempa DHB Trikot 2019 - weiss,"69,99Â â‚¬ *"
Kempa DHB Trikot 2019 - weiss,"69,99Â â‚¬ *"
GarantieverlÃ¤ngerung +3 Jahre,"59,00 â‚¬"
Siemens KI86SAF30,"668,00 â‚¬"
Weihrauch Moxor,"2,50 EUR 12,50 EUR pro 100 g"
"Salz Diffuser, Nature","12,95 EUR 12,95 EUR pro StÃ¼ck"
Teppichkit fÃ¼r SC100 komplett Nilfisk,"38,90Â â‚¬ *"
Teppichkit fÃ¼r SC100 komplett Nilfisk,"38,90Â â‚¬ *"
ATIKA LSH 2500 Laubsauger LaubblÃ¤ser LaubhÃ¤cksler Laubsammler ***NEU***,"39,90 EUR"
ATIKA LSH 2500 Laubsauger LaubblÃ¤ser LaubhÃ¤cksler Laubsammler ***NEU***,"39,90 EUR"
"GN Netcom Jabra Kabelunterteil, spiral, QD, RJ10 - Regel Belegung, 0,5 - 2 Meter spiral","â‚¬ 15,00"
Plantronics Savi 8210,"â‚¬ 269,00"
Siemens Heizung-Notschalter Aufputz - Serie Delta - 1-polig - mit Kontrolllampe - IP 44 - grau - 5TA4741,"10,99Â EUR"
"Siemens HB634GBS1 Edelstahl Backofen, A+","401,00Â â‚¬ *"
Bosch SPI25CS03E Silence Plus GeschirrspÃ¼ler 45 cm Integrierbar - Edelstahl,"358,41Â â‚¬ *"
"SCHELLENBERG
NotentriegelungsschloÃŸ fÃ¼r Garagentor","14,99 â‚¬"
"Kaminofen â€žKopenhagenâ€œ, 8,3 kW","1.199,00 â‚¬"
Sauna-Kilt Rocco grau-schwarz,"49,95"
Thornproof Dressing,"â‚¬19,95"
RocesÂ Jokey Ice 2.0 Boy,"â‚¬ 39,99"
"Relax-BÃ¼rostuhl HWC-D25 XXL, Schreibtischstuhl Gamingstuhl, 150kg belastbar FuÃŸstÃ¼tze Kunstleder ~ schwarz/gelb","98,99â‚¬"
"LED-Pinnwand, Pinboard Memoboard Leuchtbild, Timer ~ 110x55cm Steg","19,99â‚¬"
Schneiender  Weihnachtsbaum GrÃ¼n 170cm,"79,00"
CT-Racing Schneeketten - KN20,"19,95"
Junghans Force Mega Solar 018/1133.44,"1.169,00Â â‚¬ *"
Qudo Damenring Firenze big white topaz Q626036,"37,50Â â‚¬ *"
Kenwood KAC-PS702EX,"79,00 EUR"
Alpine INE-W710D,"1.099,00 EUR"
MAG 322w1 WLAN WiFi 150M integriert HEVC H.256 support SET TOP BOX,"74,90Â â‚¬*

Innerhalb Deutschland versandkostenfrei
zzgl. Versand"
Maximum XO-185 Alu-Antenne - weiÃŸ,"69,00 â‚¬*"
Amazonas (Wenge/Wenge),"299,00Â â‚¬"
Chicago (Walnuss/Marmor),"349,00Â â‚¬"
Zipper Abbruchhammer ZI-ABH1700D,"229,00 â‚¬"
Teppich Ethno Pattern,"84,99 â‚¬"
Alternativ zu HP Q6003A Toner Magenta,"29,99 â‚¬"
Alternativ zu Epson C13T07124010 / T0712 Tinte Cyan,"3,99 â‚¬"
NatÃ¼rliche Hand- und FuÃŸpeeling PedikÃ¼re & ManikÃ¼re 500 ml,"26,00 â‚¬"
"Beauty Box, 4tlg.","49,99"
"LED-Kerzen ""Feuerwerk"", 2tlg.","â‚¬  19,99"
MacGreenÂ® Metall-Pflanzenhalter H 16 (6 StÃ¼ck),"5,50 EUR"
NIVEAÂ® body Reichhaltige Body Milk,"4,3277Â â‚¬"
"Tork PapierhandtÃ¼cher H3 Universal, 25 x 23 cm, 1-lagig","23,4874Â â‚¬"
"NEX PUR BOX 14, B: 240 cm - H: 77,5 cm","2.560,00Â â‚¬ *"
Stelton EM77 Isolierkanne,"59,90Â â‚¬ *"
HP 3D Structured Light Scanner Pro S3,"â‚¬ 3.599,00"
Ultimaker S5 3D-Drucker inkl. Service und Support,"â‚¬ 6.539,00"
Adidas A167 00 6050 EVIL EYE HALFRIM PRO L,178.07 â‚¬
Acuvue Oasys 6er Pack,"21,39Â â‚¬"
Cappo FlaschenkerzenstÃ¤nder,"13,90Â â‚¬"
"Papstar 50 Servietten ""ROYAL Collection"" 1/4-Falz 40 cm x 40 cm weiss","4,46Â â‚¬ *"
"Papstar 50 Servietten ""ROYAL Collection"" 1/4-Falz 40 cm x 40 cm weiss","4,46Â â‚¬ *"
"UROSIDÂ® 2000 S, SchlauchlÃ¤nge 90 cm, KV waagerecht, 25 StÃ¼ck","69,90
                                                                                                                                        â‚¬"
orthopÃ¤disches Lagerungskissen MEDISET 47200,"45,90
â‚¬

45,90 â‚¬"
Sonnenglas Sonnenglas - die Solarlampe,"54,90Â â‚¬"
POLAR M430 Black,"199,99
â‚¬
*"
Marcel Hirscher Erwachsenen Skihandschuh,"49,99Â â‚¬"
Progressor F19 TI Allmountain Ski inkl. Bindung,"399,99Â â‚¬"
KOMET Twin 101 Ultra Weitstrahlregner,"â‚¬Â 615,00"
KOMET Twin 101-VA Ultra Weitstrahlregner,"â‚¬Â 749,00"
"LED 3-PH Schienen-Strahler, 28W, 15Â°, weiÃŸ matt, warmweiÃŸ","â‚¬Â 83,98"
"3-PH Schienen-Strahler fokussierbar, 30W, 30Â°-50Â°, weiÃŸ matt, neutralweiÃŸ, dimmb","â‚¬Â 131,98"
"exone BUSINESS 1101 i3-4170, 4GB, 120GB SSD, W10Pro","EUR 601,99"
"METZ CONNECT Kabelverbinder, Cat. 7A / Klasse FA","25,00 â‚¬"
Design Konferenztisch Catania 2800 x 1300 mm +6 x KonferenzstÃ¼hle,1899.00 EUR
Designer Chef Schreibtisch Teramo Links,1669.00
Mocambo Espressotasse,"4,99Â â‚¬
*"
"Cuica 8'' x 23 cm DEAL - ContemporÃ¢nea
    
Produktberater","149,00Â â‚¬ *"
"BESTWAY Wasserrutschbahn GLIDE - 4,5x2,2m","40,59 â‚¬"
Relaxsofa Leder 3-Sitzer Evasion - Braun,"749,99 â‚¬"
Timex TWG016800UK quarzwerk Herren-Armbanduhr,"â‚¬91,58"
Osram LKW BUS Ersatzlampenbox H7 Truckstar Pro Original Spare Part 24V 70W,"22,50Â â‚¬ *"
Endress Stromerzeuger ESE 2000i Silent,"758,00 EUR"
Heylo Elektroheizer DE 2 XL HeizlÃ¼fter 2 kW,"119,95 EUR"
Isle of Dogs Baldachinbett mit Gardinen,"ab 1.628,80 â‚¬
*"
"Pronomic Protector 1-100 Cable Bridge, One Channel","19,99
â‚¬"
Classic Cantabile US-100 BK Soprano Ukulele Black,"16,90"
Roland FR-8x V-Accordion BK,"â‚¬
                  5.099,00 *
UVP: â‚¬

                    5.459,00                    
Sie sparen: â‚¬ 
                    360,00                    
                    (entspricht
                    6,59                    %)
ANr.: S37933
				                     Versandgewicht: 12,000kg"
Daikin Sensira WeiÃŸ 2 kW,"â‚¬Â 599,00"
"Kupplungs-Bremshebel Set Flex passt fÃ¼r Husqvarna FC FE TC TE TX ab 18, ZAP, blau","56,95 EUR"
"Victor Renz Dichtungsmasse Entferner, Dichtungsentferner in 300ml Spraydose, Victor Reinz","6,95 EUR"
Kipling,"64,90 â‚¬"
Samsonite X Blade 3 Upright 69cm black,"182,95 â‚¬*"
Samsonite X'Blade 3.0 Reisetasche mit Rollen 73cm schwarz (75110 1041),"158,95Â â‚¬"
"Samsonite Spectrolite 2.0 Laptoptasche mit Rollen S 15.6"" Schwarz (103578-1041)","187,95Â â‚¬"
TopVue Elite (90 Linsen),43.49 â‚¬
Augencreme gegen Augenringe - Eye Care Cosmetics,"16,99Â â‚¬"
Inkl. 5 Jahre Garantie Gaggenau VollflÃ¤chen-Induktionskochfeld CX482100 rahmenlos,"4.485,00Â â‚¬"
Inkl. 5 Jahre Garantie Gaggenau VollflÃ¤chen-Induktionskochfeld CX482100 rahmenlos,"4.485,00Â â‚¬"
Intermec PC43 Etikettendrucker-Serie,"335,98Â â‚¬"
HollÃ¤nder - Satztisch Set LUCIDO 2-tlg. - Aluminium poliert silber - Glasplatte Float,"Statt  522,00 EUR Nur  249,00 EUR"
Pendelleuchte Cava 3 schwarz,"â‚¬Â 58,95"
Pendelleuchte Cava 3 schwarz,"â‚¬Â 58,95"
Braune Textilpendelleuchte Pikka mit E27-LEDs,"â‚¬Â 145,90"
Langenscheidt Sprachkalender 2019 Englisch,"9,99 â‚¬"
Im Buch blÃ¤ttern,"14,99 â‚¬"
Osram LED STAR LINE R7s Stablampe 2700K 118 mm 6.5W = 60W,"Statt 8,80 EUR Nur  1,99 EUR"
4 x Osram LED Superstar DUO CLICK DIM A60 E27 Lampe 8.5W warmweiÃŸ,"9,99 EUR"
RGB+WW Power LED-Streifen 60LEDs/m 24V 5m Rolle,"142,80Â â‚¬ *"
"Eco-Line LED-Streifen, 2300K candlelight-warmweiÃŸ, 700lm/m, 7,7W/m, 56LEDs/m, 24V, 5m Rolle","37,50Â â‚¬ *"
Epstein Kugelleuchte SAHARA,"ab 345,99Â â‚¬ *"
OSRAM VINTAGE 1906 LED CLASSIC A 68 Filament Gold Warm White E27,"9,99Â â‚¬ *"
Grossmann ROCKS LED-Deckenleuchte 76-853-072,"959,00Â â‚¬"
HÃ¤rkila Lynx Safety Weste orange camo,"169,00"
"PureVision 2 HD, 6er","28,90 â‚¬"
"SLV SENSER 24 Einbauleuchte, LED, 3000K, silbergrau, 14W, 350mA, dimmbar","34,50Â â‚¬"
"Cube LED ACCU Outdoor - Innovatives SitzmÃ¶bel, Tisch und Dekorationsobjekt","199,50Â â‚¬"
Swarovski - Tischlampe Crystalon Lamp,"998,00Â â‚¬"
Swarovski - Tischlampe Crystalon Lamp,"998,00Â â‚¬"
Maca LifeÂ® fÃ¼r Senioren Maca Pulver Ancash Mix - MHD 03/2018,"9,99Â â‚¬ *"
Maca LifeÂ® fÃ¼r Senioren Maca Pulver Ancash Mix - MHD 03/2018,"9,99Â â‚¬ *"
Hausken Zerlegewerkzeug fÃ¼r JD184/224,"23,00Â â‚¬ *"
Swarovski SLP-E-46 Zielfernrohrschutzdeckel - okularseitig,"80,00Â â‚¬ *"
MAGIX Foto & Grafik Designer 12,"54,99 â‚¬"
"Hubegger

Seidenkrawatte GrÃ¼n


Product number: 00678112-001","49,90 â‚¬"
"Shindaiwa
Shindaiwa EB-221s handgefÃ¼hrtes BlasgerÃ¤t","329,00Â â‚¬ *"
Weber Grill  Elektro,"499,00 â‚¬"
Landmann GlÃ¼hweinofen,"119,90 â‚¬"
Destiny Essgruppe Altos mit Loft Tisch Edelstahl Textilene Schwarz Gartensessel Sitzgruppe Gartengruppe,"UVP  999,88 EUR Nur  775,00 EUR"
Schallschutzeinlage,"11,63Â â‚¬ *"
Inventer iV14-Zero â€“ Leisester SchalldÃ¤mmlÃ¼fter weltweit,"ab 141,61Â â‚¬ *"
KonfitÃ¼re Altsteirischer Streuobstapfel Schoko-Orange Bio 160g,"â‚¬Â 5,90 *"
EinsatzfÃ¤hige Lieferung,"25,00Â â‚¬"
"Diamant-Trennscheibe, segmentiert","57,98Â â‚¬"
Zeno-Watch 9563-24-a1 - Men`s Watch,"923,86 â‚¬"
Jean Marcel Herrenuhr Oceanum Automatik 331.60.52.43,"1.129,50 â‚¬"
"Neue, erweiterte Funktionen - fÃ¼r Ihr perfektes Klangerlebnis unterwegs.","ab 499,00 â‚¬"
"Bette Aqua Aufsatzwaschtisch B:120xT:49,5xH:8cm mit 1 Hahnloch ohne Ãœberlauf weiÃŸ mit BetteGlasur A064-000HLW1,PW","687,44Â â‚¬ *"
Villeroy & Boch Verstellbare UnterstÃ¼tzung fÃ¼r Duschwannen U82990000,"54,81Â â‚¬ *"
DJI Osmo Pocket,"359,00Â â‚¬"
"Weitspannregale L Metall Steckregal blau 200X180X45cm, 4 BÃ¶den, 600kg","199,00 â‚¬"
Climatic NackenstÃ¼tzkissen,"64,89"
Lorena Nappa,"67,00Â â‚¬67,00Â â‚¬"
"ACER Notebook Swift 3 SF314-52G-53XS, silber (NX.GQUEG.005)","â‚¬Â 899,-"
MASTERMED H5 Handgelenk BlutdruckmessgerÃ¤t,42.90 â‚¬
GELENCIUM Arthro Tropfen zum Einnehmen,"23,95 â‚¬*"
LG H12AL Prestige Inverter V,"1.399,00 EUR"
travelite KALISTO 4w Anthrazit 3 tlg. Trolley Set,"296,80â€‰â‚¬"
travelite KALISTO 4w Anthrazit 3 tlg. Trolley Set,"296,80â€‰â‚¬"
Samsung LU28E590DS 28Zoll 4K Ultra HD TN Schwarz - Silber Computerbildschirm LED display,"299,00Â â‚¬ *"
Vito Winter Komplett-Radsatz Continental VancoWinter 2 C639,"Ihr Preis

759,00
â‚¬

759,00 â‚¬"
Zb Stuetzlager,"95,60"
"C.P. Sports Feder-Feststeller Profi, 50 mm","5,99Â â‚¬ *"
"inkospor Active Pro 80, 500 g Beutel","12,49Â â‚¬ *"
Kochmesser Damastmesser Kai Shun Classic DM0706 - 20 cm,"199,00 â‚¬"
Besteck Berndorf Opus 68 tlg. poliert,"399,00 â‚¬"
"Miele Dampf-Backofen
                                    DGC 6805","3.599,00Â EUR"
"NATURAL AuÃŸenbereichs-Ã–l / TerassenÃ¶l â€“ 0,75 Liter â€“ LÃ¤rche","â‚¬Â 16,00"
"Torres, Celeste Crianza DO Tempranillo","13,94 EUR 18,59 EUR pro Liter"
"Ponycycle ""Sternschnuppe"" Einhorn medium","249,00Â â‚¬ *"
eFlux Freeride 1000 Watt 48 V mit Licht und Freilauf,"ab 439,90Â â‚¬ *"
Rotalla Ice-Plus S210 205/55 R16 94H XL,"45,90"
DRYKORN Rock CARLOTTA Tunnelzug Gummibund ZiernÃ¤hte schwarz,139 95 â‚¬
Merkkalender NaturBestellnummer 6424.953.443,"4,99 â‚¬"
"HeiÃŸluft Fritteuse ""Delight""Bestellnummer 6412.483.443","69,99 â‚¬"
Bosch DIB091E50 Inselhaube Edelstahl,"638,90 â‚¬"
AEG BS9304701M ProCombi Multi-Dampfgarer Edelstahl,"799,90 â‚¬"
Pure Passion Espresso und Kaffee | 250g,"8,90Â â‚¬"
Hot Racing HR-ERVT331F01 Aluminum Unterbodenschutz/Skid Plate vorne Traxxas E-Revo V2,"42,95 â‚¬"
Traxxas 82056-4C TRX-4 Land Rover Defender Limited Trophy-Edition Sandgelb 1:10 4WD RTR Crawler TQi 2.4GHz Wireless mit Traxxas 6S Combo,"799,90 â‚¬"
"TAG Heuer
                                                                                                                Monaco Calibre 12 Steve McQueen",3.479
Nolan N-Com Handykabel Typ D (Siemens),"16,90Â â‚¬"
"Dainese Laguna Seca D1, leather suit 2pcs.","599,00 â‚¬"
Mannol 7715 O.E.M. for VW Audi Skoda 5W-30 MotorÃ¶l 5l,"16,93 â‚¬"
IXS Lederhose Ruben Pro,"249,90Â â‚¬ *"
Jack & Danny PB Mini Black - Set,"179,00 â‚¬"
A&L Americana Faded Black CW QIT Dreadnaught Gitarre,"549,00Â â‚¬ *"
A&L Americana Faded Black CW QIT Dreadnaught Gitarre,"549,00Â â‚¬ *"
Gleitsichtbrille Talao C35,"92,90Â â‚¬"
Brille Saja C0,"39,90Â â‚¬"
"KitchenAid 5KSM125EER Artisan - KÃ¼chenmaschine, 4,8 Liter, Empire Rot","415,98Â â‚¬"
"KitchenAid 5KSM125EER Artisan - KÃ¼chenmaschine, 4,8 Liter, Empire Rot","415,98Â â‚¬"
2016 | Primitivo Salento IGP | Mocavero,"7,50 EUR"
EGLO HÃ¤ngeleuchte Troy 3 Glas satiniert weiss lackiert 3X60W L:72 H:110cm,"55,98â€‰â‚¬"
MyMemory 256GB 3.0 USB Stick 140MB/s - Rot,"29,48Â â‚¬"
MyMemory 256GB 3.0 USB Stick 140MB/s - Rot,"29,48Â â‚¬"
Office Home and Student 2016,"79,90 â‚¬"
Einhell Schlagbohrmaschine BT-ID 550 E,"34,62Â â‚¬ *"
Makita Kapp- und GehrungssÃ¤ge 216 mm - LS0815FL,"269,99Â â‚¬ *"
Nerf Laser Ops Pro Alphapoint 2er Pack,"56,99 â‚¬"
"Schleich


      Schleich 14581 Dinosaurier: Brachiosaurus
    

(7) anzeigen","19,99 â‚¬"
Reisparfum,"7,35Â â‚¬"
"Woom - 
Woom Fahrradtrinkflasche","11,01Â â‚¬"
"Garmin - 
Instinct","281,95Â â‚¬"
Kinder Waschhandschuh klein - 1St,"4,99Â â‚¬"
Bioderma NodÃ© DS+ Anti-Schuppen Intensiv-Shampoo Tube 125ml                von Bioderma,"9,84 â‚¬"
JV Cosmetics AHC ClassicÂ®,"â‚¬Â 15,89"
JV Cosmetics AHC ClassicÂ®,"â‚¬Â 15,89"
Nike Air Force 1 Premium Winter,140â€¯â‚¬
Huile Prodigieuse,"12,50"
Nuxe Huile Prodigieuse,"12,50â‚¬"
WELTNEUHEIT! Lackierpistole SATAJet x 5500,"515,76 EUR"
"Suchergebnisse fÃ¼r: ""spÃ¼lrandlos""","211,27Â â‚¬"
"Scheller HÃ¤ndetrockner Air-Power HT 21 1393 edelstahl poliert, automatischer HÃ¤ndetrockner","136,40Â â‚¬"
MinikÃ¼che 100 cm,"289,99"
"Pongratz AnhÃ¤nger-Set LPA 206 U-B inkl. AufsatzwÃ¤nde 360 mm, Flachplane","â‚¬ 649,99*"
"Edelstahlschornstein Bausatz doppelwandig der GÃœNSTIGE 3,20m","ab 239,00Â â‚¬"
Ausstellungsmodell KÃ¼chenofen La Nordica Rosetta Naturstein,"1.309,00 â‚¬"
ONE GAMING  CHAIR SNOW,"149,99Â â‚¬ *"
Motorola XT420,"125,95Â â‚¬"
Braun Series 3 3040s Wet&Dry Herrenrasierer,"58,40Â â‚¬"
Metabo KGS 216 M Kapp- und GehrungssÃ¤ge 6.19260.00 mit Zugfunktion,"158,90Â â‚¬"
Magnetto Wheels MW R1-857,"63

â‚¬
/
Stk."
Ray-Ban Erika RB4171 600068 54-18,"128,99Â â‚¬"
Ray-Ban RB4255 601/5J 60-15,"168,99Â â‚¬"
Tatonka One Day Kulturbeutel,"11,95 EUR"
"Microsoft Office 2016 Home & Business fÃ¼r MAC, online aktivierbar","74,95â€‰â‚¬"
"Vitavia GewÃ¤chshaus Uranus 8300 HKP 6 mm dunkelgrÃ¼n
		
Hersteller: E.P.H. Schmidt u. Co. GmbH
Art.Nr. 261409","1.304,00 â‚¬"
"Wellfire Batteriemotor fÃ¼r GrillspieÃŸ
		
Hersteller: SPM GmbH & CO.KG
Art.Nr. 21148","43,99 â‚¬"
NOMAD Melville Junior - Kinderschlafsack,"27,49Â â‚¬ *"
BBB Minitool Keyhanger BTL-191 4 & 5 mm Inbus,"2,97Â â‚¬ *"
PIRASTRO Tonica Â»New FormulaÂ« Violinsaiten SATZ,"29,95Â Euro*29,95 Euro"
HÃ¤ndel - Organ Concertos Op.4 Vol. 1,"17,95 â‚¬"
Rumold Dreikant MaÃŸstab 30cm Aluminium,"8,50Â â‚¬ *"
WÃ¤rme-Hausschuhe Slippies,"19,99Â â‚¬ *"
Honma TW747 460 Driver fÃ¼r Herren,"569,00Â â‚¬ *"
Acqua di Parma Blu Mediterraneo Arancia di Capri  Eau de Toilette 150ml,"87,90 â‚¬"
Issey Miyake L'Eau d'Issey Pour Homme Summer 2017 Eau De Toilette 125 ml (man),"35,63Â â‚¬"
Issey Miyake L'Eau d'Issey Pour Homme Summer 2017 Eau De Toilette 125 ml (man),"35,63Â â‚¬"
Staub Grill quadratisch Schwarz 24x24 cm 40509-344-0,"59,90Â â‚¬"
Microsoft Surface Laptop,
"Premium Toner Magenta kompatibel fÃ¼r HP Color LaserJet CP5220, CP5225 â€“ CE743A","91,80Â â‚¬"
Calvin KleinStirnband mit eingestricktem Logoâ€ƒâ€“â€ƒSchwarz,"29,99Â â‚¬"
CLARINS Duo DÃ©maquillants (Normal or Dry Skin),"24,95 â‚¬"
TRUSSARDI,"55,90 â‚¬"
1 MILLION eau de toilette spray,"83,24 â‚¬"
Paco Rabanne Invictus Eau de Toilette 50 ml + All Over Shampoo 100 ml Set,"42,90Â â‚¬"
Fashion Girl Schminktisch & Hocker -  (MZ4616),"59,00Â â‚¬"
"ActiVet Undercoater Duo, Mat Zapper & Coat Grabber (silber)","ab 55,30Â â‚¬ *"
Bestesfutter Meatballs Senior | semi-feucht | getreidefreies Hundefutter,"15,99Â â‚¬ *"
Menzerna Polituren Set + 3M PoliertÃ¼chern + SchwÃ¤mme,"34,50Â â‚¬"
3M Poliertuch Set fÃ¼r Polituren und Wachse,"11,85Â â‚¬"
Ginkgo Maren 120 mg Filmtabletten*,"14,08Â¹"
Rehblatter - Edelholzblatter,"34,95
â‚¬

34,95 â‚¬"
Lakeville MountainJkt - Jacke fÃ¼r Damen - Schwarz,"89,95Â â‚¬"
HERSCHEL SUPPLY COLittle America 25L - Rucksack - Rot,"105,47Â â‚¬"
Mohawk            Touren Leder-/Textiljacke 2.0 schwarz,"349,99Â â‚¬"
Hashiru            SchalldÃ¤mpfer DÃ¤mmwolle 500g,"19,99Â â‚¬"
Steinbach  Sandfilteranlage Speed Clean Comfort 75,"â‚¬Â 168,99"
CycleOps Indoor Cycle Phantom 5,"2.564,00Â â‚¬"
Esemtan Reinigungs- und Pflegeschaum 500ml,"8,00 EUR"
Adria GeldbÃ¶rse Leder 19 cm,"99,00 â‚¬"
Bogner,"104,96 â‚¬"
HP LaserJet Pro M477fdn (CF378A#B19)MultifunktionsgerÃ¤t,"475,96 â‚¬"
Priolite Funkfernbedienung,"195,60 â‚¬"
Apple Mac mini (MGEM2D/A),"569,00Â â‚¬"
"MONTIS PHINEX 85, Trekking Rucksack, 85L, 79x46, 2100g","209,99Â â‚¬"
"NAVIGATOR POWDER Skibrille Snowboardbrille, unisex/-size, div. Farben","44,99Â â‚¬"
"Bisley BÃ¼rodrehstuhl Upscale, Polster, Aluminium poliertes FuÃŸkreuz, DSU733","â‚¬Â 423,94*"
"DEUBA Kabellose HeiÃŸklebepistole mit Ladestation und Systemkoffer, 103475","â‚¬Â 24,10*"
ES-Line BehÃ¤lter aus Edelstahl - 3-er Sparset (jede GrÃ¶ÃŸe 1 x enthalten),"89,00Â â‚¬ *"
Quick-Dry-Garagenmatte,"â‚¬Â 149,95"
KÃ¤rcher WV 2 Premium,"49,44 â‚¬"
"Samsung 860 EVO 2.5"" SSD - 1TB","174,90 â‚¬"
Tomesol Totes Meer Salz: Als Badesalz & bei Neurodermitis,"â‚¬Â 2,45"
3D Puzzle - Harry Potter: Winkelgasse,"34,95              Â â‚¬"
Puzzle         1000        Teile,"12,95              Â â‚¬"
"PROPHETE E-Bike 28"" Edition 110 Jahre","1.688,99Â â‚¬"
S2 4-22W SER 220-240V WH EUR/1000 (Philips),"0,52Â â‚¬"
2-Takt MischÃ¶l 101 Octane teilsynthetisch 1 Liter,"8,06 EUR"
Aufkleber EndschalldÃ¤mpfer 110x25mm YASUNI,"4,02 EUR"
25 â‚¬ Gutschein kaufen,"25,00 EUR"
Babolat I-Pulse Essential 2017,"48,00 EUR"
Crosley Sterling Retro-Plattenspieler mit Bluetooth,"249,95Â â‚¬"
Nature Blue Sekt,"19,95Â â‚¬"
Soundmaster Disc 180 Multimedia-Center mit Funklautsprechern,"169,00 â‚¬"
Soundmaster Disc 180 Multimedia-Center mit Funklautsprechern,"169,00 â‚¬"
Babolat Pro Tacky Overgrip x3,"5,00Â â‚¬ *"
"LEGO LEGO Creator Londoner Bus, Konstruktionsspielzeug","116,85â‚¬"
FlammEXprofi 27 mm K - Aufputzdose,
"Busch-Jaeger 6523 U-102 Busch-Drehdimmer, Busch-Dimmer, UP-Drehdimmer","EUR 42,72"
"Busch-Jaeger 83022/1 Einfamilienhaus-Set Video, TÃ¼rkommunikation, Sets","EUR 1.622,74"
"Sonax
SchmutzRadierer","3,01 â‚¬"
Felgen Racer Wave 7.0x17 4x100 ET44 60.1 Schwarz verspiegelt,"108,11â‚¬"
Firestone,"46,24"
Vredestein,"52,42

â‚¬"
4/4 Robert Forberger 154/1933,"499,00Â â‚¬*"
"LuftdÃ¼se ""Fine""","16,00
â‚¬
*

16,00 â‚¬"
HMS Ark Royal & Tribal Class Des,"12,49
â‚¬
*

12,49 â‚¬"
Garmin fenix 5S Plus - Silber mit schwarzem Armband,"609,00Â â‚¬"
Polar Vantage V HR mit H10 schwarz M/L,"489,00Â â‚¬"
Severin RB 7025 Chill,"112,00 â‚¬"
ATIKA Betonmischer BM 125 S 230V,"â‚¬ 310,54"
Garmin Forerunner 735XT,248.95 â‚¬
Salomon Quicklace Kit,7.45 â‚¬
Bischoff & Bischoff TSE-A ToilettensitzerhÃ¶hung,"64,93Â â‚¬ *"
Pellematic Condens,"9.712,00Â â‚¬ *"
Saunier Duval SDH17-025 NW VivAir,"655,00Â â‚¬ *"
"SAMSUNG Fernseher Q6FN (2018) 55 Zoll QLED UHD Smart TV, HDR 1000, Quantum Dot","â‚¬Â 949,-"
"APPLE iPad 9.7"" Wi-Fi 32 GB 6th Gen. Space grau (MR7F2FD/A)","â‚¬Â 329,-"
Stryd Footpod V2 Powermeter,"209,99Â â‚¬"
Visco-Topper - visco-elastische Schaumplatte 90 x 200 x 5cm,"62,31EUR"
All Time Best - Reclam Musik Edition 33,"8.998,99Â EUR"
Abranet Schleifscheiben Ã˜ 34 mm P80 Gitternetz;  VPE: 50 Stck/Pck,"UVP 14,93 EURJetzt nur 10,45 EURSie sparen....30%"
Kopflampe Homeij WatchLight 3AAA Schwarz,"9,95Â â‚¬"
Salvimar One Freediving,93.95 â‚¬
"SF Spritze 3ml mit beigelegter KanÃ¼le 23Gx 1 1/4Â´Â´(0,6mm x 30mm), 3-tLatex-frei,BP 100St","3,99 â‚¬ -  5,49 â‚¬"
"Angel of Death KostÃ¼m 80087, KostÃ¼m Set fÃ¼r MÃ¤nner von Mask Paradise","69,95 â‚¬"
"100,- Euro Geschenkgutschein","100,00 â‚¬"
Deuter Pencil Case black-crash,"19,95Â â‚¬ *"
STOKKEÂ® TRIPP TRAPPÂ® Hochstuhl weiÃŸ,"179,00 EUR"
Fischer Offtrack 3 - NNN Offtrack Cruising Langlaufschuhe,109.90
Holmenkol Worldcup Mix HOT Yellow-Red,"9,99Â â‚¬"
"Villeroy & Boch Subway 2.0 Wand WC 56001001 weiÃŸ, TiefspÃ¼ler mit Befestigungssatz Supra fix","1.847,81Â â‚¬"
"Dornbracht Sync Einhandmischer Pull-down 338758950 fÃ¼r SpÃ¼ltisch, mit Brausefunktion, platin matt","645,87Â â‚¬"
Head Graphene Tornado Power,71.95 â‚¬
Compressport R2 V2,24.95 â‚¬
Millefiori Laundry Perla Waschmittel 1 L,"10,43Â â‚¬ *"
Millefiori Laundry Ocean Wind Waschmittel 1 L,"10,43Â â‚¬ *"
Atomic Vantage X 80 CTI+XT 12,299.95 â‚¬
Millet Tyak Beanie,16.95 â‚¬
Tjoernbo Massivholz Nachttisch Modern Sleep Nr.2,"ab 209,00Â â‚¬*"
"INFLUDORON StreukÃ¼gelchen
 
10 g 

Globuli
*","6,25â‚¬Â¹"
"DeLonghi Kaffeevollautomat, ECAM21117B,","329,00Â â‚¬ *"
Hama 45027 VER.KA.USB.A-ST-A-KU,"7,87Â â‚¬ *"
Azul Spiel des Jahres 2018,"24,99Â â‚¬"
Schleich 42104 Waschplatz fÃ¼r Pferde,"13,99Â â‚¬"
DerbystarBrillant APS,"139,95Â â‚¬"
adidasCOPA 19+ FG,"249,95Â â‚¬"
adidasCOPA 19+ FG,"249,95Â â‚¬"
NikeHeritage Gymsack,"17,99Â â‚¬"
K2Route,"129,95Â â‚¬"
KETTLER Heimtrainer Golf C2,"479,90 â‚¬"
"Atomic
												Atomic Redster GS SkistÃ¶cke","68,30Â â‚¬"
"Henry & Vinnie
Sous Vide Set 3-tlg.","129,00Â â‚¬"
Bosch TAT3A011 Kunststoff Kompakt-Toaster weiÃŸ hellgrau,"25,99Â â‚¬ *"
Systemceram Einhebelmischer LIVE Edelstahlfinish,"169,50Â â‚¬ *"
"doiy DesignSchale mit SchÃ¤lchen ECLIPSE, Chip and Dip","34,80 â‚¬ *"
liebeskummerpillenWeihnachtsmann Bart - Flauschig sÃ¼ÃŸe Zuckerwatte,"2,95 â‚¬ *"
"doiy DesignSchale mit SchÃ¤lchen ECLIPSE, Chip and Dip","34,80 â‚¬ *"
"by Parra
By Parra Iphone Case Third Prize X - Pink Blue","20,00Â â‚¬"
Nike Wmns Pant Velour - Black,"41,25Â â‚¬"
Nike Wmns Pant Velour - Black,"41,25Â â‚¬"
"Affari Axel Kerzenhalter fÃ¼r 6 Kerzen schwarz Metall 39,5 cm","EUR 29,90"
"Asteria, LED Pendelleuchte","199,00Â â‚¬ *"
"Steppstoff wattiert Jeanslook ""Sterne Mittel"" Farbe Indigo-Blau","11,90Â â‚¬ *"
"Steppstoff wattiert Jeanslook ""Sterne Mittel"" Farbe Indigo-Blau","11,90Â â‚¬ *"
Strandtuch Seahorse Star Gelb,"24,95Â â‚¬"
Skimboard Waimea Flatland Hout WFG,"19,95Â â‚¬"
"Bosch
Bohrmaschine GBM 13-2 RE mit PrÃ¤zisionsbohrfutter","235,27Â â‚¬"
"DeWalt
Akku-Trockenbauschrauber 18,0 V 1/4 Zoll","215,70Â â‚¬"
SWEDX 81 cm (32 Zoll) 4K Monitor. Pixel-Richtlinie 1,308â‚¬
Masturbator Â»Spider - Texas PattiÂ« mit Saugnapf - Schwarz,"103,95 â‚¬"
Vibro-Analkugelkette Â»b-VibeÂ« mit Fernbedienung - Wiederaufladbar - Schwarz,"128,95 â‚¬"
Zone3 Activate Trisuit,67.95 â‚¬
Speedo Diamondize Crossback Junior,33.95 â‚¬
Smith HOLT 2 MATTE CHARCOAL,"59,40 â‚¬"
OSPREY Reiserucksack M/L Farpoint 80 M/L volcanic grey,"117,00Â â‚¬ *"
Salzen Plain Backpack Neo Suit schwarz,"329,00Â â‚¬ *"
QE55Q9FN UHD Premium Q-HDR 2000 4K Direct LED Modell 2018,"1.799,00 â‚¬"
Ganzjahresreifen Reifen 135/80 R13 70Q Winter Sonstige Dummy  (Typ:) *,"14,99 â‚¬ 

(pro Reifen, inkl. MwSt.)"
Asics Gel Dedicate 5 2018 blau Indoor-Tennisschuhe Herren,"UVP 1: 65,00â‚¬Sie sparen: 8% (5,10â‚¬)59,90â‚¬Â inkl. 19% MwSt"
Asics Gel Dedicate 5 2018 blau Indoor-Tennisschuhe Herren,"UVP 1: 65,00â‚¬Sie sparen: 8% (5,10â‚¬)59,90â‚¬Â inkl. 19% MwSt"
REAL BLUE NC,"â‚¬Â 179,99"
REAL BLUE NC,"â‚¬Â 179,99"
"EOS 34.A Saunaofen Silbergrau 7,5 kW","239,00Â â‚¬"
Lifestyle FrottiertÃ¼cher Uni 7007,"3,95"
"Goodride SW608 195 / 65 15 91 H
195/65 R15 91H","38,60 â‚¬"
"Pirelli Angel CiTy 120 / 70 17 58 S
120/70-17 TL 58S Hinterrad, M/C, Vorderrad","58,00 â‚¬"
GREENS WEMBLEY 26 DA NEXUS-3 42 PURPLE VIOLET MATT WAVE,"369,95 â‚¬"
Ampertec Toner fÃ¼r Samsung SCX-6320D8/ELS SV171A schwarz,"â‚¬ 50,37"
Lexmark Toner 24B7181  schwarz,"â‚¬ 199,96"
Refill-Toner Set fÃ¼r Brother HL-3142/3152/3172,"39,95 EUR"
"Samsung ProXpress C3010ND - Laserdrucker, Duplex, LAN, inkl. UHG","â‚¬ 424,12"
Formfutura 3D-Filament ClearScent ABS black 1.75mm 750g Spule,"â‚¬ 35,02"
"GOLIATH IP Video TÃ¼rsprechanlage mit Kamera 1x 10"" Monitor Schwarz","990,00Â â‚¬ *"
LEGOÂ® 853796 Pinguin-Weihnachtsschmuck,"8,90Â â‚¬ *"
LEGOÂ® 853796 Pinguin-Weihnachtsschmuck,"8,90Â â‚¬ *"
LEGOÂ® Architecture 21035 Solomon R. Guggenheim MuseumÂ®,"51,90Â â‚¬ *"
Salter PT 0067,258.95 â‚¬
Garmin Vivofit 4,64.45 â‚¬
Buff Â® Run,13.95 â‚¬
Spring Revil Chronograph Armbanduhr,249Â â‚¬
Franky Grauer Urban Schal,55Â â‚¬
Santoku II,"â‚¬Â 59,90"
Fly Wheel Cut Messer,"â‚¬Â 219,90"
Casio Uhren Baby-G BA-110-1AER,"109,00Â EUR"
MICHAEL KORS MK5866,â‚¬148.00
EMPORIO ARMANI AR11012,â‚¬129.00
VALERIA,"â‚¬Â 249,00"
caÑ—,"â‚¬Â 89,00"
"Vichy LUMINEUSE 

GetÃ¶nte Tagespflege Nuance 03 fÃ¼r trockene Haut","16,96Â â‚¬"
BIANCO DIVER SONDERANGEBOT mit PREMIUM BEHÃ„LTER + TEMPERATURSTÃ–SSEL,"359,00 â‚¬"
LW15 Comfort Plus LuftwÃ¤scher,"227,00Â â‚¬"
Canon EOS R GehÃ¤use + Adapter EF-EOS R,"â‚¬ 2.499,00"
HEYDAY'S - silver protection - Langgzeit-Anlaufschutz f. Silber,"UVP: â‚¬ 29,90"
MY.SIZE 60 (36er Packung),"15,95 â‚¬"
GranbazÃ¡n Etiqueta Verde,"6,99Â â‚¬"
"- Beefeater 24 Gin 0,75","â‚¬Â 20,32"
"Sonnenbrille
						    					    
						Porsche Design 
						P-8618 - A","149,00Â â‚¬"
"Slowstar Juicer Entsafter SW-2000, rot","339,44 â‚¬"
alps pure woman,"â‚¬Â 34,99"
Natural Power Trinkflasche orange100% frei von schÃ¤dlichen Weichmachern,"â‚¬Â 6,99"
Papain Kapseln,"24,99Â â‚¬ *"
"Multivitamin hochdosiert, 120 vegetarische Kapseln","15,87Â â‚¬ *"
"MagnesiumÂ³ Komplex 350 mg, 180 vegane Tabletten","14,78Â â‚¬ *"
AMOR Gleitstoff WÃ¤rmend 100ml,"3,19Â â‚¬"
leg lifter,"18,80 â‚¬"
Beurer Back- and Neck Heating Pillow HK 58 Cosy,"52,80 â‚¬"
Philips VideoTracer Clip-on Body-Recorder DVT3120,"359,99Â â‚¬"
GiraAbdeckrahmen 2f. rws-gl 021203,"1,98Â â‚¬"
Meindl 2511-49 CHILE LADY MFS Marine Silber Damen Hiking Stiefel - Blau,"125,93"
Collonil GlanzbÃ¼rste Dunkel,"7,61â€‰â‚¬"
"Panasonic Lumix DMC-GX80 Kit inkl. Lumix G Vario 3,5-5,6 / 14-140 mm Power OIS schwarz","799,00 â‚¬"
Berg Hybrid E-BF Tret Go-Kart,"2 067,06 â‚¬"
Fusion Subwoofer,251.45 â‚¬
Sennheiser RS 2000 Wireless Headphone,134.95 â‚¬
Premium T-Shirt Herren,"10,99 â‚¬"
Bio T-Shirt Kinder,"10,99 â‚¬"
Damenstiefel JJ Footwear Ellon Cognac WadengrÃ¶ÃŸe XS,"189,95Â â‚¬"
Schuhcreme Collonil 1909 CrÃ¨me de Luxe Schwarz,"10,95Â â‚¬"
Kehrgarnitur mit 4-teiligem Stiel und winddichter Kehrschaufel,"â‚¬Â 14,99"
Spielturm Wickey MultiFlyer,"â‚¬Â 469,95"
Floormagic Halter mit Drehgelenk 80cm ORO 511,"11,90 â‚¬"
Siemens TI301509DE Kaffeevollautomat,"373,00Â â‚¬ *"
"Siemens studioLine FI18NP31 EinbaugefriergerÃ¤t a-cool 45,7 cm breit","3.103,00Â â‚¬ *"
Garten Lounge Tisch Miami 92 x 53 cm,"59,90Â â‚¬"
KnitPro Magnetic Knitter's Necklace Kit CHERRY BERRY,"26,95 â‚¬inkl. 20%  MwSt. zzgl. Versandkosten"
Yealink SIP-T42S,"84,90 â‚¬"
"Yealink Netzteil 5V, 2A","8,99 â‚¬"
42 Leisten Lattenrost unverstellbar/starr,"119,00 â‚¬
    
      
    
    
      
        *"
XT-20000Q3 Mordern Powerbank USB Battery with 20100mAh and QC3 charging technology,"33,90 â‚¬"
XT-20000QC2 PowerBank incl. charger - modern DC / USB battery with 20400mAh - 5V & 12V  to 24V,"74,90 â‚¬"
GROHE Euphoria - Duschsystem Euphoria 180 mit Thermostatarmatur chrom,"â‚¬ 230,90"
Villeroy & Boch Venticello - Waschtischunterschrank  1253 x 590 x 502 mm Griff Chrome Santana Oak,"â‚¬ 973,95"
Siemens WM14G491 8kg Waschmaschine 1400U/min Energieklasse A+++,"â‚¬Â 649,00 *"
"Oppdal Insulated Jacket, Skijacke Herren, Blau",149â‚¬
"Pro-Form

Performance 410i, Laufband",699â‚¬
Meditationskissen GlÃ¼ckssitz Chakra,"23,50"
2 MetallÃ¶sen fÃ¼r eine Yogamatte,"4,50
â‚¬
*

4,50 â‚¬"
ULTIMATE SHADOW PALETTE - Lidschattenpalette,"17,95Â â‚¬inkl. MwSt."
GLOW TONIC 250ML - Gesichtswasser,"23,95Â â‚¬inkl. MwSt."
GLOW TONIC 250ML - Gesichtswasser,"23,95Â â‚¬inkl. MwSt."
Pure XS EdT,"46,20 â‚¬"
TRIXIE Pfotenschutz Walker Active S - M schwarz (2 StÃ¼ck),"17,29Â â‚¬

*"
RINTI Extra Chicko Huhn XXL 900g Hundesnack,"15,50Â â‚¬

*"
Trixie Hundespielzeug Dog Activity Poker Box,"12,99 â‚¬"
Belcando Adult GF Poultry,"50,99 â‚¬"
KoMo Flocino,"â‚¬ 99,00"
